poi_id,name,type,city,source_image_url
1,桐花铁板烧(王府井金宝汇店),美食,北京,http://p0.meituan.net/biztone/780867067_1676346825299.jpeg%40300w_1e_1l%7Cwatermark%3D0
2,九园重庆小面·米饭·小吃(荷华明城大厦店),美食,北京,http://p1.meituan.net/poipicadd/a7c9e0950625442fb1d28729839e9689588193.jpg%40300w_225h_1e_1c_1l%7Cwatermark%3D1%26%26r%3D1%26p%3D9%26x%3D2%26y%3D2%26relative%3D1%26o%3D20
3,见味花甲,美食,北京,http://p0.meituan.net/merchant/1439e86bd717f871d8dc5796e3c5e5fc307723.jpg%40300w_225h_1e_1c_1l%7Cwatermark%3D1%26%26r%3D1%26p%3D9%26x%3D2%26y%3D2%26relative%3D1%26o%3D20
4,东四Vibes,美食,北京,http://p0.meituan.net/biztone/671037594_1675308340998.jpeg%40750w_1e_1l%7Cwatermark%3D0
5,三根米线(王府井大V小巷美食街店),美食,北京,http://p1.meituan.net/bbia/dc084d0efa9911eed1130a02229a6752808524.jpg%40300w_225h_1e_1c_1l%7Cwatermark%3D1%26%26r%3D1%26p%3D9%26x%3D2%26y%3D2%26relative%3D1%26o%3D20
6,壹同·湖南菜·BISTRO·禄米仓,美食,北京,http://p0.meituan.net/biztone/1839107908_1681829268340.jpeg%40300w_225h_1e_1c_1l%7Cwatermark%3D1%26%26r%3D1%26p%3D9%26x%3D2%26y%3D2%26relative%3D1%26o%3D20
7,凉皮遇到粉·肉夹馍·酸辣粉·米线(盒马崇文门店),美食,北京,http://p0.meituan.net/merchant/0c2238b7ca27dd57908a71d8f5cfae94198839.jpg%40750w_1e_1l%7Cwatermark%3D0
8,食鼎轩 茶餐厅(五四大街店),美食,北京,http://p1.meituan.net/searchscenerec/268fcf0cf9da6ee9de81082cd414d859167595.png%40750w_1e_1l%7Cwatermark%3D0
9,天池餐厅,美食,北京,http://p0.meituan.net/merchant/b3519407a1f779f2141fd3cbef90957e50821.jpg%40750w_1e_1l%7Cwatermark%3D0
10,奶酷酪坊,美食,北京,https://qcloud.dpfile.com/pc/ir2jq_EWUmLyNzXEF22h6P8ncO4qJhn8lz6FwmBbekqMJZYrLhxg9hJCgiMMDCU0d5VyLhA3eh9bnfuMRhvrVlEuLYk00OmSS1IdNpm8K8sG4JN9RIm2mTKcbLtc2o2vfCF2ubeXzk49OsGrXt_KYDCngOyCwZK-s3fqawWswzk.jpg
11,老北京?糖葫芦,美食,北京,https://p0.meituan.net/biztone/294ddc284c25224edb5df8134f7644f0676760.jpg%40340w_255h_1e_1c_1l%7Cwatermark%3D0
12,丑仔包子(安德路店),美食,北京,http://p0.meituan.net/poipicadd/866358c31b2dfa1910adec5016e193e3654025.jpg%40300w_225h_1e_1c_1l%7Cwatermark%3D1%26%26r%3D1%26p%3D9%26x%3D2%26y%3D2%26relative%3D1%26o%3D20
13,仙豆菓夫(鼓楼店),美食,北京,http://p0.meituan.net/merchant/eebff425042f6b3ba9e6f1c5cb6e322f508591.jpg%40300w_225h_1e_1c_1l%7Cwatermark%3D1%26%26r%3D1%26p%3D9%26x%3D2%26y%3D2%26relative%3D1%26o%3D20
14,林子肉饼,美食,北京,http://p1.meituan.net/biztone/521143587_1689908751937.jpeg%40340w_255h_1e_1c_1l%7Cwatermark%3D0
15,小闫煎饼(东四北大街店),美食,北京,http://p1.meituan.net/wmproduct/f7d2c599ea9ec81daf27716f149d4a1280483.jpg%40300w_225h_1e_1c_1l%7Cwatermark%3D1%26%26r%3D1%26p%3D9%26x%3D2%26y%3D2%26relative%3D1%26o%3D20
16,北平印象·烤鸭(鼓楼后海店),美食,北京,https://img.meituan.net/msmerchant/46e8b4378852bc1b58292c06b0ba3d301221655.jpg%40750w_1e_1l%7Cwatermark%3D0
17,新疆楼兰食府(广外店),美食,北京,http://p0.meituan.net/merchant/7ca3a5d9c44dc5bd7c65f7b59f6f889e61618.jpg%40300w_225h_1e_1c_1l%7Cwatermark%3D1%26%26r%3D1%26p%3D9%26x%3D2%26y%3D2%26relative%3D1%26o%3D20
18,经易家肴(西单店),美食,北京,http://p0.meituan.net/biztone/dce9635ac93fa7cd492749c4d3916ce6783730.jpg%40750w_1e_1l%7Cwatermark%3D0
19,小炉将·现烤牛肉干(西单店),美食,北京,http://qcloud.dpfile.com/pc/BB60D7PRd0tJksTarQUZ68GvwE6h3paaf28ZjSiDaWIVb72OXBC5EjFONo3NEg-e.jpg
20,手工饺子坊现制饺子(第三区商业街店),美食,北京,http://p0.meituan.net/merchant/565d6f93c3113de603c21f4868ebf69c29442.jpg%40300w_225h_1e_1c_1l%7Cwatermark%3D1%26%26r%3D1%26p%3D9%26x%3D2%26y%3D2%26relative%3D1%26o%3D20
21,京晟·铜锅涮肉(珠市口店),美食,北京,https://img.meituan.net/content/9d2421309c76379bc3286c3230634b503268701.png%40300w_225h_1e_1c_1l%7Cwatermark%3D1%26%26r%3D1%26p%3D9%26x%3D2%26y%3D2%26relative%3D1%26o%3D20
22,天福号酱肉铺(辟才胡同店),美食,北京,https://p0.meituan.net/poiugc/65bd2feadccd329b1e38538ac8099f281174679.png%40750w_1e_1l%7Cwatermark%3D0
23,四季水果店(裕民中路店),美食,北京,http://p1.meituan.net/wmproduct/f4f49f53ed0c329dcd898aa414cd707e159216.jpg%40300w_225h_1e_1c_1l%7Cwatermark%3D1%26%26r%3D1%26p%3D9%26x%3D2%26y%3D2%26relative%3D1%26o%3D20
24,崎本的店·专业酵种吐司(更新场店),美食,北京,https://img.meituan.net/content/2d2ce57748d45b391a88726d09525d2f2774994.png%40300w_1e_1l%7Cwatermark%3D0
25,成都小吃(右安门店),美食,北京,http://p1.meituan.net/xianfu/f1669a11cdd3fbea37eac2106207cec065025.jpg%40300w_225h_1e_1c_1l%7Cwatermark%3D1%26%26r%3D1%26p%3D9%26x%3D2%26y%3D2%26relative%3D1%26o%3D20
26,宫廷香酥牛肉饼,美食,北京,http://p1.meituan.net/poipicadd/5c40e7c2b839b473b6a36d78c54cefa254189.jpg%40750w_1e_1l%7Cwatermark%3D0
27,蟹庄缘阳澄湖大闸蟹(槐柏树店),美食,北京,http://p1.meituan.net/merchant/12f9f7ba26360cd7b51121924217c2ba311074.jpg%40750w_1e_1l%7Cwatermark%3D0
28,吉野家(动物园店),美食,北京,https://img.meituan.net/content/c4907e3664d418f0acf186fa1ac24155966281.png%40300w_1e_1l%7Cwatermark%3D0
29,念母恩饺子家常菜,美食,北京,https://img.meituan.net/content/2f45da7f4ce74c4b21c80fe3930fb0cc70128.jpg%40300w_225h_1e_1c_1l%7Cwatermark%3D1%26%26r%3D1%26p%3D9%26x%3D2%26y%3D2%26relative%3D1%26o%3D20
30,罗二火锅(北京首店),美食,北京,http://p0.meituan.net/biztone/926600924_1710991639808.jpeg%40300w_1e_1l%7Cwatermark%3D0
31,星巴克(北京王府井店),美食,北京,http://p0.meituan.net/biztone/812559789_1711706147132.jpeg%40300w_1e_1l%7Cwatermark%3D0
32,星巴克(北京东直门来福士一店),美食,北京,http://p1.meituan.net/biztone/812559789_1709691232120.jpeg%40300w_1e_1l%7Cwatermark%3D0
33,祈年红自在书房,美食,北京,http://p0.meituan.net/merchant/a030ffe2f4154ef4eb99981b6905089b187538.jpg%40300w_225h_1e_1c_1l%7Cwatermark%3D1%26%26r%3D1%26p%3D9%26x%3D2%26y%3D2%26relative%3D1%26o%3D20
34,奈雪的茶(北京东方新天地店),美食,北京,https://img.meituan.net/content/5d619d061441c2889f7afb4450f1346d605724.png%40300w_1e_1l%7Cwatermark%3D0
35,糖房咖啡(故宫店),美食,北京,http://p0.meituan.net/merchant/eba26e647e41f73286ca10093b959863171674.jpg%40300w_225h_1e_1c_1l%7Cwatermark%3D1%26%26r%3D1%26p%3D9%26x%3D2%26y%3D2%26relative%3D1%26o%3D20
36,DQ·蛋糕·冰淇淋(东直门店),美食,北京,http://p0.meituan.net/merchant/d0ec6e4d4bf18c119bb2da761a0a9f37193558.jpg%40750w_1e_1l%7Cwatermark%3D0
37,小誠伊·新中式茶饮料(第1档口一锅美食城店),美食,北京,http://p0.meituan.net/poipicadd/5213bd1f12d8cfeb396a7b3942cf644b581934.jpg%40300w_225h_1e_1c_1l%7Cwatermark%3D1%26%26r%3D1%26p%3D9%26x%3D2%26y%3D2%26relative%3D1%26o%3D20
38,雪铺咖啡SNOWSHOP(东四十条店),美食,北京,http://p0.meituan.net/merchant/703dd949c2c34a413f0b910d63fff39151693.jpg%40300w_225h_1e_1c_1l%7Cwatermark%3D1%26%26r%3D1%26p%3D9%26x%3D2%26y%3D2%26relative%3D1%26o%3D20
39,BelloCasa Cafe&Pizza Tagilo,美食,北京,http://p1.meituan.net/merchant/b788990dfa42767fbb561126d933d006389383.jpg%40300w_225h_1e_1c_1l%7Cwatermark%3D1%26%26r%3D1%26p%3D9%26x%3D2%26y%3D2%26relative%3D1%26o%3D20
40,LUCKY HOUSE吉屋咖啡,美食,北京,http://p0.meituan.net/merchant/518f9bb76c6e7515f6358534acd4579552069.jpg%40300w_225h_1e_1c_1l%7Cwatermark%3D1%26%26r%3D1%26p%3D9%26x%3D2%26y%3D2%26relative%3D1%26o%3D20
41,Creeper Coffee(金融街店),美食,北京,http://p0.meituan.net/merchant/76860336ed1acef79af0b00d810e1a50108230.jpg%40300w_225h_1e_1c_1l%7Cwatermark%3D1%26%26r%3D1%26p%3D9%26x%3D2%26y%3D2%26relative%3D1%26o%3D20
42,爷爷不泡茶 NOYEYENOTEA(北京大栅栏店),美食,北京,https://img.meituan.net/content/061aef4b74c8f6dc2abc7aed109b0ab5189810.jpg%40340w_255h_1e_1c_1l%7Cwatermark%3D0
43,阿亿坊(宣武门西大街店),美食,北京,https://qcloud.dpfile.com/pc/NFl6lUP_IDaP0vIdMtLkg3kVaydUHnvQK3D7l-WZPR436-xvDGHosSE8LMjFc96Qd5VyLhA3eh9bnfuMRhvrVlEuLYk00OmSS1IdNpm8K8sG4JN9RIm2mTKcbLtc2o2vfCF2ubeXzk49OsGrXt_KYDCngOyCwZK-s3fqawWswzk.jpg
44,瑞幸咖啡(金融街月坛中心店),美食,北京,https://img.meituan.net/content/1e6d314e9ece157ad5d9d2e8375b9973522839.png%40300w_225h_1e_1c_1l%7Cwatermark%3D1%26%26r%3D1%26p%3D9%26x%3D2%26y%3D2%26relative%3D1%26o%3D20
45,LINLEE林里·手打柠檬茶(新华百货店),美食,北京,https://img.meituan.net/content/6ca37ed536d215cf93769c4cdf0277243408877.png%40300w_1e_1l%7Cwatermark%3D0
46,Hit The Hay cocktail bar&coffee,美食,北京,http://p0.meituan.net/merchant/0b30c3ff2d64bcba1b4906ed940076a9551740.jpg%40300w_225h_1e_1c_1l%7Cwatermark%3D1%26%26r%3D1%26p%3D9%26x%3D2%26y%3D2%26relative%3D1%26o%3D20
47,沪上阿姨鲜果茶(大栅栏店),美食,北京,https://img.meituan.net/content/db9c097f27dac7d45bc27a6363f8329f929463.png%40300w_225h_1e_1c_1l%7Cwatermark%3D1%26%26r%3D1%26p%3D9%26x%3D2%26y%3D2%26relative%3D1%26o%3D20
48,模范书局咖啡厅·诗空间店,美食,北京,http://p1.meituan.net/poipicadd/ddc8eaa3f4de26f668cd5bff5f8a1bf2455253.jpg%40300w_225h_1e_1c_1l%7Cwatermark%3D1%26%26r%3D1%26p%3D9%26x%3D2%26y%3D2%26relative%3D1%26o%3D20
49,瑞幸咖啡(JK FUN店),美食,北京,http://p0.meituan.net/poipicadd/b96134c8285b8e03a281d3afbe9d4d26497237.jpg%40340w_255h_1e_1c_1l%7Cwatermark%3D0
50,星巴克(北京建威大厦店),美食,北京,http://p0.meituan.net/biztone/1543022788_1664528982383.jpeg%40300w_1e_1l%7Cwatermark%3D0
51,永逸轩酒店(北京天坛公园店),酒店,北京,https://p0.meituan.net/tdchoteldark/333bf647423532613864999e0cbdd909421003.jpg%401035w_585h_1e_1c_1l_80q%7Cwatermark%3D0
52,北京天坛东门站希尔顿花园酒店,酒店,北京,https://p0.meituan.net/tdchoteldark/b620f4488d7b1e4a08bd630acef56b481807202.jpg%401035w_585h_1e_1c_1l_80q%7Cwatermark%3D0
53,秋果四合院酒店(北京王府井协和医院店),酒店,北京,http://p0.meituan.net/tdchoteldark/64ac7792f470dfbb0612e5b13592c41a1139554.jpg%40300w_1e_1l%7Cwatermark%3D0
54,秋果酒店(北京站同仁医院崇文门地铁站店),酒店,北京,http://p0.meituan.net/tdchotel/eb8885860a066dd1cc140e1416cb00481384131.jpg%40300w_1e_1l%7Cwatermark%3D0
55,北京东直门雅辰悦居酒店,酒店,北京,http://p0.meituan.net/tdchoteldark/8ac65ee63872239bf61d336f9c028fbd1131243.jpg%40300w_1e_1l%7Cwatermark%3D0
56,7天优品(北京鼓楼后海店),酒店,北京,http://p0.meituan.net/hotelbiz/21cdeb468c002f60d70ef5d7f75a5e19192262.jpg%40300w_1e_1l%7Cwatermark%3D0
57,速8精选酒店(北京前门广渠门内地铁站店),酒店,北京,https://p0.meituan.net/tdchoteldark/8db309bfedb838065dfc7a0a418fec1f520816.jpg%401035w_585h_1e_1c_1l_80q%7Cwatermark%3D0
58,时光机快捷酒店(协和医院店),酒店,北京,http://p1.meituan.net/hotelbiz/c7b25b6bc62f6cacedf8265642ba1344178014.jpg%40300w_1e_1l%7Cwatermark%3D0
59,喆·啡酒店(北京南站天坛南门店),酒店,北京,http://p1.meituan.net/tdchoteldark/ff93c30e1333d181062e940157ebc0202931971.jpg%40300w_1e_1l%7Cwatermark%3D0
60,桔子酒店(北京天坛东门店),酒店,北京,http://p0.meituan.net/tdchoteldark/fef34301002ced7e01c9643e5944456b2338363.jpg%40300w_1e_1l%7Cwatermark%3D0
61,北京玺院茗园四合院(崇文门店),酒店,北京,http://p0.meituan.net/tdchoteldark/d8b94651bcc7fc925debe8e4671b17cc86336.png%40300w_1e_1l%7Cwatermark%3D0
62,桔子水晶北京天安门王府井酒店,酒店,北京,http://p0.meituan.net/tdchoteldark/5cc434f2f20b3212e3ee4970087554eb18356605.jpg%40300w_1e_1l%7Cwatermark%3D0
63,北京港澳中心瑞士酒店,酒店,北京,http://p0.meituan.net/tdchoteldark/33940c0442886b8cabed460f49b21b6d8180499.jpg%40300w_1e_1l%7Cwatermark%3D0
64,桔子水晶北京王府井大街酒店,酒店,北京,http://p0.meituan.net/tdchoteldark/661312d51b26ef9fea4f793db85259be749804.jpg%40300w_1e_1l%7Cwatermark%3D0
65,北京静泊酒店,酒店,北京,http://p1.meituan.net/hotelbiz/57115ade056550c0b95b1def228617641351368.jpg%40300w_1e_1l%7Cwatermark%3D0
66,京能酒店和风景里四合院酒店(西单金融街店),酒店,北京,http://p1.meituan.net/poipicadd/4129e2343240f622df5ef2c65d6ef72a562652.jpg%40300w_1e_1l%7Cwatermark%3D0
67,7天酒店·北京金融街阜外医院店,酒店,北京,http://p1.meituan.net/tdchoteldark/a80254b74a4728105f28b2d4b2468369335019.jpg%40300w_1e_1l%7Cwatermark%3D0
68,秋果简居酒店(北京广安门店),酒店,北京,http://p0.meituan.net/tdchotel/e7921394af172e222a7f5aca084cabb31831907.jpg%40300w_1e_1l%7Cwatermark%3D0
69,桔子酒店(北京西站店),酒店,北京,http://p1.meituan.net/tdchoteldark/2ac6adc3e7250260015d7a567df54a49628760.jpg%40300w_1e_1l%7Cwatermark%3D0
70,如家商旅酒店(北京南礼士路地铁站店),酒店,北京,http://p1.meituan.net/tdchoteldark/11349a4f40c49251d72f43cccd4950332374461.jpg%40300w_1e_1l%7Cwatermark%3D0
71,7天优品(北京天安门广场店),酒店,北京,http://p1.meituan.net/tdchotel/9ef1ab98b62010b3352e8465474a88b1119663.jpg%40300w_1e_1l%7Cwatermark%3D0
72,如家旗下-北京西直门北京北站派柏·云酒店,酒店,北京,http://p1.meituan.net/tdchoteldark/3e18cf96d05047b66fc878e1d9e667063420264.jpg%40340w_255h_1e_1c_1l%7Cwatermark%3D0
73,如家酒店·neo(北京平安里地铁站店),酒店,北京,http://p1.meituan.net/tdchoteldark/a4f0c4d9d27a908c44fcd60df5ab7e866273780.jpg%40340w_255h_1e_1c_1l%7Cwatermark%3D0
74,丽丽宿的民宿(北京西站/丽泽商务区二店),酒店,北京,http://p0.meituan.net/tdchoteldark/580d8f423df25acb5cf035a547ecbe1b2710423.jpg%40300w_1e_1l%7Cwatermark%3D0
75,汉庭(北京展览馆阜外医院店),酒店,北京,http://p1.meituan.net/tdchoteldark/9834210d81a39152db7686635ddaaa5c168136.jpg%40300w_1e_1l%7Cwatermark%3D0
76,速8酒店(北京西直门店),酒店,北京,http://p1.meituan.net/tdchoteldark/900d9e83d0ac747e119ba4e1bc864b292752724.jpg%40300w_1e_1l%7Cwatermark%3D0
77,鸿益宾馆(粮食店街),酒店,北京,http://p0.meituan.net/poipicadd/9a4d65998a064c30615986f457299f76220681.jpg%40300w_1e_1l%7Cwatermark%3D0
78,海友酒店(北京牛街地铁站店),酒店,北京,http://p0.meituan.net/tdchoteldark/118219b9eeeade4a95a0002bc8539c7e3261526.jpg%40300w_1e_1l%7Cwatermark%3D0
79,聚缘酒店(北京长椿街地铁站店),酒店,北京,http://p0.meituan.net/tdchoteldark/2359124b8d2d75971e92a18fbb19248a676176.png%40300w_1e_1l%7Cwatermark%3D0
80,由缘酒店(北京牛街地铁站店),酒店,北京,http://p1.meituan.net/tdchoteldark/c09f22b0c9af1156a31b59f23feae6ee245653.jpg%40300w_1e_1l%7Cwatermark%3D0
81,中国华侨历史博物馆,景点/周边游,北京,http://p0.meituan.net/travel/2bf0f2d2e535d4a5d932351b28eb2f8a264341.png%40300w_225h_1e_1c_1l%7Cwatermark%3D1%26%26r%3D1%26p%3D9%26x%3D2%26y%3D2%26relative%3D1%26o%3D20
82,仓南胡同,景点/周边游,北京,http://p0.meituan.net/hotel/95b154afdb2fc39ce22229f2f1d14650566219.png%40300w_225h_1e_1c_1l%7Cwatermark%3D1%26%26r%3D1%26p%3D9%26x%3D2%26y%3D2%26relative%3D1%26o%3D20
83,通教寺,景点/周边游,北京,http://p1.meituan.net/hoteltdc/014e32e62e101422ce7885e2e1e06d671440352.jpg%40300w_225h_1e_1c_1l%7Cwatermark%3D1%26%26r%3D1%26p%3D9%26x%3D2%26y%3D2%26relative%3D1%26o%3D20
84,景山公园-镇山阁,景点/周边游,北京,http://p1.meituan.net/travel/1b9dacabfeedba731fb41640488f749d53763.jpg%40340w_255h_1e_1c_1l%7Cwatermark%3D0
85,尚韵轩博物馆,景点/周边游,北京,https://qcloud.dpfile.com/pc/xuQfwMkXtF8gZH1Wx7iEDArw-FCWebFPLZsjWXt81gRuPZT6T-DqHOMf7cEoDnZGd5VyLhA3eh9bnfuMRhvrVlEuLYk00OmSS1IdNpm8K8sG4JN9RIm2mTKcbLtc2o2vfCF2ubeXzk49OsGrXt_KYDCngOyCwZK-s3fqawWswzk.jpg
86,赤点云缘,景点/周边游,北京,http://p0.meituan.net/poipicadd/d7405f91d612d0c03f7a53ffeb0114a0926233.jpg%40300w_225h_1e_1c_1l%7Cwatermark%3D1%26%26r%3D1%26p%3D9%26x%3D2%26y%3D2%26relative%3D1%26o%3D20
87,怀远堂,景点/周边游,北京,http://p1.meituan.net/travel/3fd1340bffaae42aa745a0d068122f1067570.jpg%40340w_255h_1e_1c_1l%7Cwatermark%3D0
88,国子监-井亭,景点/周边游,北京,http://p1.meituan.net/travel/aa0cbda8508e69e11c600bed95c939f0108513.jpg%40340w_255h_1e_1c_1l%7Cwatermark%3D0
89,天元时尚生活艺术馆,景点/周边游,北京,http://qcloud.dpfile.com/pc/H-8La4TxMfUnVOs-Poy-nMxlaNzeHJPS4CX9socE0lnmayvyv4GZ72RQk8_8XCPX.jpg
90,南药王庙,景点/周边游,北京,https://qcloud.dpfile.com/pc/LtB6k03eTfcXQh-KDVYWMs8OZNxW9788JltAaoSkO-kJss484GeC-uwoKU3svis-d5VyLhA3eh9bnfuMRhvrVlEuLYk00OmSS1IdNpm8K8sG4JN9RIm2mTKcbLtc2o2vfCF2ubeXzk49OsGrXt_KYDCngOyCwZK-s3fqawWswzk.jpg
91,东雁翅楼,景点/周边游,北京,https://p0.meituan.net/ugcpic/4604a4bd57d2ab6fc8b9bc2d2a071f12%40300w_225h_1e_1c_1l%7Cwatermark%3D1%26%26r%3D1%26p%3D9%26x%3D2%26y%3D2%26relative%3D1%26o%3D20
92,东护城河绿道,景点/周边游,北京,http://p0.meituan.net/hoteltdc/25ff8e7f7070b60e3c347204c7be320c1438647.jpg%40300w_225h_1e_1c_1l%7Cwatermark%3D1%26%26r%3D1%26p%3D9%26x%3D2%26y%3D2%26relative%3D1%26o%3D20
93,天坛公园-具服台,景点/周边游,北京,http://p0.meituan.net/travel/89bed3053bda18f84f16d65e18ed497533336.jpg%40340w_255h_1e_1c_1l%7Cwatermark%3D0
94,国子监-崇志堂,景点/周边游,北京,http://p0.meituan.net/travel/694092aaf42adfcdf57b3177f8fcad0382770.jpg%40340w_255h_1e_1c_1l%7Cwatermark%3D0
95,澄清下闸遗址,景点/周边游,北京,https://p0.meituan.net/ugcpic/97978c45c9a1e589856d58c2299d7525%40300w_225h_1e_1c_1l%7Cwatermark%3D1%26%26r%3D1%26p%3D9%26x%3D2%26y%3D2%26relative%3D1%26o%3D20
96,金帆水上运动俱乐部,景点/周边游,北京,http://p0.meituan.net/hoteltdc/84e5a5ca2bdbfb64d9bf1a9bd7b6f6951350171.jpg%40300w_225h_1e_1c_1l%7Cwatermark%3D1%26%26r%3D1%26p%3D9%26x%3D2%26y%3D2%26relative%3D1%26o%3D20
97,正观美术馆,景点/周边游,北京,http://p0.meituan.net/shaitu/ccd1f9e1dfe8b10a08873377e154c129174204.jpg%40300w_1e_1l%7Cwatermark%3D0
98,下沉广场,景点/周边游,北京,http://p0.meituan.net/poipicadd/29a01e0becbcb2309d2565f65928b171833207.jpg%40300w_225h_1e_1c_1l%7Cwatermark%3D1%26%26r%3D1%26p%3D9%26x%3D2%26y%3D2%26relative%3D1%26o%3D20
99,群众艺术馆,景点/周边游,北京,http://p1.meituan.net/travel/40c101da79b1a0b9459fa4c3032bc21b43828.jpg%40300w_225h_1e_1c_1l%7Cwatermark%3D1%26%26r%3D1%26p%3D9%26x%3D2%26y%3D2%26relative%3D1%26o%3D20
100,什刹海,景点/周边游,北京,http://p1.meituan.net/travel/5c92bb818023512df32436fa2df5abf01275940.png%40300w_225h_1e_1c_1l%7Cwatermark%3D1%26%26r%3D1%26p%3D9%26x%3D2%26y%3D2%26relative%3D1%26o%3D20
101,宣武艺园-丁香书院,景点/周边游,北京,http://p0.meituan.net/hotel/9e4d850465cd7fe6c4c949111207d335550520.png%40340w_255h_1e_1c_1l%7Cwatermark%3D0
102,大观园-省亲牌坊,景点/周边游,北京,http://p1.meituan.net/searchscenerec/feae322dfa076b5b6e98d9e332bd458b251224.png%40300w_1e_1l%7Cwatermark%3D0
103,北京紫砂艺术馆,景点/周边游,北京,http://p1.meituan.net/hotel/dafcc93c90aee6330758c9c503c0025c893136.png%40300w_225h_1e_1c_1l%7Cwatermark%3D1%26%26r%3D1%26p%3D9%26x%3D2%26y%3D2%26relative%3D1%26o%3D20
104,烂缦胡同,景点/周边游,北京,http://p0.meituan.net/hoteltdc/9346ea4e8888261008a3ba06f31bd93f1133871.jpg%40300w_225h_1e_1c_1l%7Cwatermark%3D1%26%26r%3D1%26p%3D9%26x%3D2%26y%3D2%26relative%3D1%26o%3D20
105,宣武艺园,景点/周边游,北京,https://p0.meituan.net/ugcpic/2a12aa8f250fa60c034dc2f2633065f9%40300w_225h_1e_1c_1l%7Cwatermark%3D1%26%26r%3D1%26p%3D9%26x%3D2%26y%3D2%26relative%3D1%26o%3D20
106,浑仪,景点/周边游,北京,https://p0.meituan.net/ugcpic/0516cfa581d3c7ed6c28b920a82a70e9%40300w_225h_1e_1c_1l%7Cwatermark%3D1%26%26r%3D1%26p%3D9%26x%3D2%26y%3D2%26relative%3D1%26o%3D20
107,恭王府-蓺蔬圃,景点/周边游,北京,http://p1.meituan.net/travel/dc5051f92db9e566c076e8e2c251dd56229687.jpg%40300w_225h_1e_1c_1l%7Cwatermark%3D1%26%26r%3D1%26p%3D9%26x%3D2%26y%3D2%26relative%3D1%26o%3D20
108,石埭会馆,景点/周边游,北京,https://qcloud.dpfile.com/pc/mkhsA-Qgg2ZWG0ORBTa3dj2FBQYjIKOwqkbvX2SJDNPChLLd2xH9HfqaUw41LpAhd5VyLhA3eh9bnfuMRhvrVlEuLYk00OmSS1IdNpm8K8sG4JN9RIm2mTKcbLtc2o2vfCF2ubeXzk49OsGrXt_KYDCngOyCwZK-s3fqawWswzk.jpg
109,交通银行旧址,景点/周边游,北京,http://p1.meituan.net/hoteltdc/e15e6ce09bc24859ef42b6def9f7af19448857.jpg%40300w_225h_1e_1c_1l%7Cwatermark%3D1%26%26r%3D1%26p%3D9%26x%3D2%26y%3D2%26relative%3D1%26o%3D20
110,琼华岛,景点/周边游,北京,http://p0.meituan.net/poipicadd/22c60623d1342bfbc5ae3deca597e8ac588581.jpg%40340w_255h_1e_1c_1l%7Cwatermark%3D0
