poi_id,name,tpye,city,source_image_url
1,阿彬烧烤(珠光路店),美食,深圳,https://qcloud.dpfile.com/pc/wBv3DKAKSKlv9Jkgw8wlmsqYaYUIlV5VW0vbvrBBGoxFTj1zLblk4OmXGeqiqp1nd5VyLhA3eh9bnfuMRhvrVlEuLYk00OmSS1IdNpm8K8sG4JN9RIm2mTKcbLtc2o2vfCF2ubeXzk49OsGrXt_KYDCngOyCwZK-s3fqawWswzk.jpg
2,爽爽甜品·糖水(湾厦店),美食,深圳,http://p0.meituan.net/xianfu/00fe8d076d290a9931426f0798ad4bc6323172.jpg%40300w_1e_1l%7Cwatermark%3D0
3,津味源美食城(TCL科学园国际E城西区店),美食,深圳,http://p1.meituan.net/deal/a497368c790cd7ac9033c0566f47a0c662366.jpg%40300w_225h_1e_1c_1l%7Cwatermark%3D1%26%26r%3D1%26p%3D9%26x%3D2%26y%3D2%26relative%3D1%26o%3D20
4,窑鸡王(桃源店),美食,深圳,https://img.meituan.net/content/735c5b3c8c1a53b42f2a24cf389a83af749755.png%40300w_1e_1l%7Cwatermark%3D0
5,东北大馅饺子(南油分店),美食,深圳,http://p1.meituan.net/xianfu/a1e9e4e92491485a4660ee37b7b0ffe2266053.jpg%40300w_225h_1e_1c_1l%7Cwatermark%3D1%26%26r%3D1%26p%3D9%26x%3D2%26y%3D2%26relative%3D1%26o%3D20
6,新胜九屯·小小铁锅炖(南山西丽店),美食,深圳,https://img.meituan.net/content/3d0b5bf88b4f99062758decb44c405632361875.png%40300w_225h_1e_1c_1l%7Cwatermark%3D1%26%26r%3D1%26p%3D9%26x%3D2%26y%3D2%26relative%3D1%26o%3D20
7,派派东北饭包,美食,深圳,https://qcloud.dpfile.com/pc/7c1_eXKpJqTvKg9EtPf4vWmSDHsoN88P5qqSW7--2qsbYuOq7icNkajXTu5yOh9cd5VyLhA3eh9bnfuMRhvrVlEuLYk00OmSS1IdNpm8K8sG4JN9RIm2mTKcbLtc2o2vfCF2ubeXzk49OsGrXt_KYDCngOyCwZK-s3fqawWswzk.jpg
8,韩国炸酱面·友利家超市,美食,深圳,https://qcloud.dpfile.com/pc/CKjSdPG31TOa__XHc_kuaeVL6MQQ51xAupGRwzEz0mbb7ejKKUJ5jqBlyPGMUFvEd5VyLhA3eh9bnfuMRhvrVlEuLYk00OmSS1IdNpm8K8sG4JN9RIm2mTKcbLtc2o2vfCF2ubeXzk49OsGrXt_KYDCngOyCwZK-s3fqawWswzk.jpg
9,蒙自源米线大王(塘朗店),美食,深圳,https://img.meituan.net/content/ba869be2f7094dbb6836e6d2ae95488f996637.png%40300w_225h_1e_1c_1l%7Cwatermark%3D1%26%26r%3D1%26p%3D9%26x%3D2%26y%3D2%26relative%3D1%26o%3D20
10,羊师傅(南山大勘店),美食,深圳,http://p1.meituan.net/xianfu/e3ec3d1584f38a5200a6d7e24e4c4d6c317475.jpg%40300w_225h_1e_1c_1l%7Cwatermark%3D1%26%26r%3D1%26p%3D9%26x%3D2%26y%3D2%26relative%3D1%26o%3D20
11,湛江烧腊(大新店),美食,深圳,http://p1.meituan.net/xianfu/f0ad87c0805f0c53b6fd106abe52f284429427.jpg%40300w_225h_1e_1c_1l%7Cwatermark%3D1%26%26r%3D1%26p%3D9%26x%3D2%26y%3D2%26relative%3D1%26o%3D20
12,呷不停台湾炸货店(南头古城店),美食,深圳,http://p1.meituan.net/merchant/c049c1ed925b90305eff2e7725cd9ffa212939.jpg%40300w_225h_1e_1c_1l%7Cwatermark%3D1%26%26r%3D1%26p%3D9%26x%3D2%26y%3D2%26relative%3D1%26o%3D20
13,驴肉火烧(蛇口店),美食,深圳,https://qcloud.dpfile.com/pc/Kg2sLm-gh9ixxoaznTH6acPy37A5wro0urUk-6dAaOSozkitQKqHlrJgLKwbanFcd5VyLhA3eh9bnfuMRhvrVlEuLYk00OmSS1IdNpm8K8sG4JN9RIm2mTKcbLtc2o2vfCF2ubeXzk49OsGrXt_KYDCngOyCwZK-s3fqawWswzk.jpg
14,喜家德虾仁水饺(西丽宝能环球汇店),美食,深圳,http://p0.meituan.net/poipicadd/be5a5e2e3931ac10b871526edce6479b526596.jpg%40300w_225h_1e_1c_1l%7Cwatermark%3D1%26%26r%3D1%26p%3D9%26x%3D2%26y%3D2%26relative%3D1%26o%3D20
15,牛肉拉面(大勘店),美食,深圳,http://p0.meituan.net/deal/a6c1239435fa4d517dcdd399e9f2b74c34816.jpg%40300w_225h_1e_1c_1l%7Cwatermark%3D1%26%26r%3D1%26p%3D9%26x%3D2%26y%3D2%26relative%3D1%26o%3D20
16,来来东北特色烧烤(西丽店),美食,深圳,http://p0.meituan.net/merchant/0df352b9d7ed0441eca700ba1d952c27255574.jpg%40300w_225h_1e_1c_1l%7Cwatermark%3D1%26%26r%3D1%26p%3D9%26x%3D2%26y%3D2%26relative%3D1%26o%3D20
17,Sushi Hanzo半藏(万象天地店),美食,深圳,http://p1.meituan.net/biztone/675443659_1663585472953.jpeg%40300w_1e_1l%7Cwatermark%3D0
18,全家福东北水饺(嘉兴苑店),美食,深圳,http://p1.meituan.net/poipicadd/1e35e69115fb035094b1a8b5632653b8178350.jpg%40300w_225h_1e_1c_1l%7Cwatermark%3D1%26%26r%3D1%26p%3D9%26x%3D2%26y%3D2%26relative%3D1%26o%3D20
19,龙发鸡煲(前海卓悦INTOWN店),美食,深圳,https://img.meituan.net/content/69917663d8fd1f6fec35e88fcf518964547791.png%40300w_225h_1e_1c_1l%7Cwatermark%3D1%26%26r%3D1%26p%3D9%26x%3D2%26y%3D2%26relative%3D1%26o%3D20
20,星奖鸡煲·石橄榄汤煲·沙姜干煲(蛇口店),美食,深圳,http://p0.meituan.net/merchant/cf267c164f8a8e1b0fd89fce11f0fc9f721523.jpg%40300w_225h_1e_1c_1l%7Cwatermark%3D1%26%26r%3D1%26p%3D9%26x%3D2%26y%3D2%26relative%3D1%26o%3D20
21,顺德佬(南海店),美食,深圳,http://p0.meituan.net/biztone/b7668202572c3a534dc6fec472ebbef9969782.png%40300w_225h_1e_1c_1l%7Cwatermark%3D1%26%26r%3D1%26p%3D9%26x%3D2%26y%3D2%26relative%3D1%26o%3D20
22,百分百(登良路店),美食,深圳,http://p1.meituan.net/mogu/2b99370d0fb90f5da9d2af5163f4dfba319697.jpg%40300w_225h_1e_1c_1l%7Cwatermark%3D1%26%26r%3D1%26p%3D9%26x%3D2%26y%3D2%26relative%3D1%26o%3D20
23,上沅阁·精致湘菜棋牌,美食,深圳,http://p0.meituan.net/biztone/931765572_1695278899271.jpeg%40300w_1e_1l%7Cwatermark%3D0
24,桃喜小馆·18道拿手菜(南头古城店),美食,深圳,http://p1.meituan.net/poipicadd/42933c96127b17ddaf7cfaffc741f2cd652578.jpg%40340w_255h_1e_1c_1l%7Cwatermark%3D0
25,化州橘红(南水步行街店),美食,深圳,https://qcloud.dpfile.com/pc/2aOuwZaXgNfJuyDWv16VIeTLRBJH0iEjSKTRx3n0MzuplPiGuh1Tl_cOX_Sd3M8ed5VyLhA3eh9bnfuMRhvrVlEuLYk00OmSS1IdNpm8K8sG4JN9RIm2mTKcbLtc2o2vfCF2ubeXzk49OsGrXt_KYDCngOyCwZK-s3fqawWswzk.jpg
26,白沙肴·长沙米粉·小炒湘菜(前海世茂店),美食,深圳,http://p0.meituan.net/merchant/d58a1d4397559390d2df3e7e0f9ef2a435855.jpg%40300w_225h_1e_1c_1l%7Cwatermark%3D1%26%26r%3D1%26p%3D9%26x%3D2%26y%3D2%26relative%3D1%26o%3D20
27,庙东排骨(大新店),美食,深圳,https://img.meituan.net/content/d5ff22a4b9abd829867d8f0f3db3acbb1368844.png%40300w_1e_1l%7Cwatermark%3D0
28,两三事小郡肝串串香火锅(桂庙店),美食,深圳,http://p0.meituan.net/merchant/3a3d0cada3381ae34b67efd25b592c7975210.jpg%40300w_225h_1e_1c_1l%7Cwatermark%3D1%26%26r%3D1%26p%3D9%26x%3D2%26y%3D2%26relative%3D1%26o%3D20
29,凝香肥肠煲(龙海家园中区店),美食,深圳,http://p1.meituan.net/merchant/d73071c527b7148b1e41adefdd3a238c462826.jpg%40300w_225h_1e_1c_1l%7Cwatermark%3D1%26%26r%3D1%26p%3D9%26x%3D2%26y%3D2%26relative%3D1%26o%3D20
30,Pizza Cave 披萨窝(蛇口店),美食,深圳,http://p1.meituan.net/merchant/f120d6c227a70d7ff618c5f9d06e0c8f85633.jpg%40300w_1e_1l%7Cwatermark%3D0
31,茶之有理(恩平街店),美食,深圳,https://p0.meituan.net/biztone/6168117784f3124215af2093c011c1b2115405.jpg%40300w_1e_1l%7Cwatermark%3D0
32,冰雪茶人,美食,深圳,http://p1.meituan.net/xianfu/4c9452d8778c0507f079d8c157c1a6fd287346.jpg%40300w_1e_1l%7Cwatermark%3D0
33,茶救星球·蔬果茶(粤海TCL店),美食,深圳,https://img.meituan.net/content/b288a33b22b448dd64373cb0ac36edf02604059.png%40300w_225h_1e_1c_1l%7Cwatermark%3D1%26%26r%3D1%26p%3D9%26x%3D2%26y%3D2%26relative%3D1%26o%3D20
34,奈雪的茶(深圳科技生态园PRO店),美食,深圳,https://img.meituan.net/content/2fad0b890f019be38e68f74960c91f30547725.png%40300w_1e_1l%7Cwatermark%3D0
35,一号咖啡(怡苑阁店),美食,深圳,https://qcloud.dpfile.com/pc/otC53JK6n2z6nS4zhKYMS5jI6xEWywdeJb-wJzsDWsAWZs4liQl-t2_Mz8AcMe9pd5VyLhA3eh9bnfuMRhvrVlEuLYk00OmSS1IdNpm8K8sG4JN9RIm2mTKcbLtc2o2vfCF2ubeXzk49OsGrXt_KYDCngOyCwZK-s3fqawWswzk.jpg
36,gogotail外带鸡尾酒(万象天地店),美食,深圳,http://p0.meituan.net/merchant/30e46ecccf617d82a77fa85ebd42bd2e839479.jpg%40300w_225h_1e_1c_1l%7Cwatermark%3D1%26%26r%3D1%26p%3D9%26x%3D2%26y%3D2%26relative%3D1%26o%3D20
37,花至,美食,深圳,http://p0.meituan.net/merchant/4ccba5a5983896e009dad2b82a1449d3690340.jpg%40300w_1e_1l%7Cwatermark%3D0
38,cocoshine椰子水(南山科技园店),美食,深圳,http://p0.meituan.net/biztone/05ee2fe16e7163d17f57901ef2b96cd998366.jpg%40300w_225h_1e_1c_1l%7Cwatermark%3D1%26%26r%3D1%26p%3D9%26x%3D2%26y%3D2%26relative%3D1%26o%3D20
39,星巴克(深圳湾生态园3店),美食,深圳,https://img.meituan.net/content/38639d159ce10aeed7ed33648d0cb1b2290255.png%40300w_225h_1e_1c_1l%7Cwatermark%3D1%26%26r%3D1%26p%3D9%26x%3D2%26y%3D2%26relative%3D1%26o%3D20
40,库迪咖啡(深圳科兴科学园店),美食,深圳,https://img.meituan.net/content/488ec4cf290e7254f87a058ac17be24d1916830.png%40300w_225h_1e_1c_1l%7Cwatermark%3D1%26%26r%3D1%26p%3D9%26x%3D2%26y%3D2%26relative%3D1%26o%3D20
41,壹劑湯方(龙井店),美食,深圳,http://p1.meituan.net/searchscenerec/268fcf0cf9da6ee9de81082cd414d859167595.png%40340w_255h_1e_1c_1l%7Cwatermark%3D0
42,库迪咖啡(西丽地铁站店),美食,深圳,https://img.meituan.net/content/6752b7a004f78ff68b3160e3c41c1e40607522.png%40340w_255h_1e_1c_1l%7Cwatermark%3D0
43,星晴Coffee·三明治·果汁冰沙,美食,深圳,http://p1.meituan.net/merchant/e34e95d989af927d8fa2debfd8f9114072763.jpg%40300w_225h_1e_1c_1l%7Cwatermark%3D1%26%26r%3D1%26p%3D9%26x%3D2%26y%3D2%26relative%3D1%26o%3D20
44,茶百道(南山科技园店),美食,深圳,https://img.meituan.net/content/45e649f7c6e8e9d33b37c862a416511f843828.png%40300w_1e_1l%7Cwatermark%3D0
45,库迪咖啡(大冲商务中心D座店),美食,深圳,https://img.meituan.net/content/488ec4cf290e7254f87a058ac17be24d1916830.png%40300w_225h_1e_1c_1l%7Cwatermark%3D1%26%26r%3D1%26p%3D9%26x%3D2%26y%3D2%26relative%3D1%26o%3D20
46,葡萄成熟时书馆,美食,深圳,https://p0.meituan.net/biztone/46ca30454c1824755940d6cfe78d5872633125.jpg%40300w_1e_1l%7Cwatermark%3D0
47,向花仕Bloomy Life(金地威新中心店),美食,深圳,http://p0.meituan.net/biztone/1942739257_1689315747778.jpeg%40300w_225h_1e_1c_1l%7Cwatermark%3D1%26%26r%3D1%26p%3D9%26x%3D2%26y%3D2%26relative%3D1%26o%3D20
48,CoCo都可(南头店),美食,深圳,http://p0.meituan.net/biztone/1743903248_1711937804211.jpeg%40300w_225h_1e_1c_1l%7Cwatermark%3D1%26%26r%3D1%26p%3D9%26x%3D2%26y%3D2%26relative%3D1%26o%3D20
49,CHERRYBROOK樱桃溪(白石洲店),美食,深圳,http://p0.meituan.net/merchant/9e8ea5cf31feeeeecb8d05e3e16c7abe136126.png%40300w_225h_1e_1c_1l%7Cwatermark%3D1%26%26r%3D1%26p%3D9%26x%3D2%26y%3D2%26relative%3D1%26o%3D20
50,潘潘咖啡糖水铺,美食,深圳,https://img.meituan.net/msmerchant/4e1927acaa48de2561ec2e29fb9e6e5025774.jpg%40300w_1e_1l%7Cwatermark%3D0
51,青梧人家民宿(深圳科技园中山公园地铁站店),酒店,深圳,https://img.meituan.net/phoenix/505453d92d09772f6a738af6421ee43a2208096.jpg%401035w_585h_1e_1c_1l_80q%7Cwatermark%3D0
52,77的近海景民宿,酒店,深圳,https://img.meituan.net/phoenix/3fd8209a2f42a7e2bbebddc460149a503433525.jpg%401035w_585h_1e_1c_1l_80q%7Cwatermark%3D0
53,小阿紫的民宿(华侨城一店),酒店,深圳,https://img.meituan.net/phoenix/9e6d8dcfb2bdf595340452cb83132402756741.jpg%401035w_585h_1e_1c_1l_80q%7Cwatermark%3D0
54,XW Hotel 玺程设计酒店(华侨城创意园店),酒店,深圳,https://p0.meituan.net/tdchoteldark/7fa750d9cbc04f72d6c9712e9e4efd47152251.jpg%401035w_585h_1e_1c_1l_80q%7Cwatermark%3D0
55,鹏都大厦民宿(南山中心区三店),酒店,深圳,https://img.meituan.net/phoenix/0c85f8bb1bcd81c328566ca975d08257885874.jpg%401035w_585h_1e_1c_1l_80q%7Cwatermark%3D0
56,后海快捷酒店(南油地铁站店),酒店,深圳,https://p0.meituan.net/hotelbiz/d92c036a3c24d6b31002b9278a325154488822.jpg%401035w_585h_1e_1c_1l_80q%7Cwatermark%3D0
57,雅园精选民宿(深圳大学城西丽动物园西丽西地铁站店),酒店,深圳,https://img.meituan.net/phoenix/26dd207c9abb60b284c0f04e9ed632ee382945.jpg%401035w_585h_1e_1c_1l_80q%7Cwatermark%3D0
58,悦海HAPPYOCEAN酒店(深圳南山科技园店),酒店,深圳,http://p0.meituan.net/tdchoteldark/bbb5f2678f6e913fb528325adbb59d97434935.jpg%40300w_1e_1l%7Cwatermark%3D0
59,南山南民宿(蛇口店),酒店,深圳,https://img.meituan.net/phoenix/e18b205c1430947fb8424188cce5ef976917117.jpg%401035w_585h_1e_1c_1l_80q%7Cwatermark%3D0
60,小米民宿(深圳海岸城后海后铁站店),酒店,深圳,https://img.meituan.net/phoenix/abdbd27883ee5cb6e26190501d1681eb406707.jpg%401035w_585h_1e_1c_1l_80q%7Cwatermark%3D0
61,茶瑞蛋自助入住民宿,酒店,深圳,https://img.meituan.net/phoenix/72fee4f814e2db077d30e920e553a2b51972605.jpg%401035w_585h_1e_1c_1l_80q%7Cwatermark%3D0
62,深美国际公寓民宿(深圳华侨城世界之窗高新园地铁站店),酒店,深圳,https://img.meituan.net/phoenix/7b01a942ac11986d0fe447cde02eed77159124.jpg%401035w_585h_1e_1c_1l_80q%7Cwatermark%3D0
63,小花的家的民宿(南山中心区一店),酒店,深圳,https://p0.meituan.net/tdchotel/6633230d51052aeb52d641c6f46474b7661670.jpg%401035w_585h_1e_1c_1l_80q%7Cwatermark%3D0
64,八号季酒店(深圳南山地铁站店),酒店,深圳,https://p0.meituan.net/tdchoteldark/cae03f28826f3bd7d183e9ba8694507a3320494.jpg%401035w_585h_1e_1c_1l_80q%7Cwatermark%3D0
65,短暂的民宿(南山中心区店),酒店,深圳,https://p0.meituan.net/phoenix/83b587ebee9653afa5eff2e77e7db3b7637569.jpg%401035w_585h_1e_1c_1l_80q%7Cwatermark%3D0
66,外婆桥1896民宿(深圳深圳湾口岸蛇口海上世界地铁站店),酒店,深圳,https://img.meituan.net/phoenix/f7964992d8c360f41390c73cc3d7c435181751.jpg%401035w_585h_1e_1c_1l_80q%7Cwatermark%3D0
67,唐耐耳公寓,酒店,深圳,https://p0.meituan.net/tdchoteldark/c6749db03ec59a706a778ed85d939fc5544140.jpg%401035w_585h_1e_1c_1l_80q%7Cwatermark%3D0
68,胜似家公寓(东滨路分店),酒店,深圳,https://p0.meituan.net/tdchotel/c5b5602fdaeaf39933bf6980ae1cdd3c105312.jpg%401035w_585h_1e_1c_1l_80q%7Cwatermark%3D0
69,翰文公寓(深圳海岸城南油店),酒店,深圳,https://p0.meituan.net/poipicadd/b0f3c425038535acc67f1a42b73f94a7576235.jpg%401035w_585h_1e_1c_1l_80q%7Cwatermark%3D0
70,海月精品酒店(深圳蛇口海上世界店),酒店,深圳,https://p0.meituan.net/tdchoteldark/7c5f5a4528df1ef7cc23f29769f2d97a447736.jpg%40200w_200h_1e_1c_1l%7Cwatermark%3D0
71,深圳名廷酒店(南山地铁站店),酒店,深圳,https://p0.meituan.net/tdchoteldark/fa2877a25f4912b4149e8417c1fd793a7708958.jpg%401035w_585h_1e_1c_1l_80q%7Cwatermark%3D0
72,星宿服务公寓,酒店,深圳,https://p0.meituan.net/tdchotel/2fb127fcb9a7f1b06c1fb852033e7c3742233.jpg%401035w_585h_1e_1c_1l_80q%7Cwatermark%3D0
73,文汐Wency的民宿(深圳湾口岸/蛇口店),酒店,深圳,https://img.meituan.net/phoenix/de460a7c8c22d9b2e71a0983980cfb0c2191926.jpg%401035w_585h_1e_1c_1l_80q%7Cwatermark%3D0
74,小豆公寓,酒店,深圳,https://p0.meituan.net/poipicadd/84213f7245e60b04c1c12a089bf194f2234982.jpg%401035w_585h_1e_1c_1l_80q%7Cwatermark%3D0
75,丁密斯的民宿(科技园一店),酒店,深圳,https://p0.meituan.net/iphoenix/6b367652732f4e88b4f6f1b80c91648160301.jpg%401035w_585h_1e_1c_1l_80q%7Cwatermark%3D0
76,万昌2号公寓(西丽店),酒店,深圳,https://p1.meituan.net/tdchoteldark/4128a5491bd75c858817f9e40cc39c13243028.jpg%401035w_585h_1e_1c_1l_80q%7Cwatermark%3D0
77,华里里寓酒店(深圳大学城店),酒店,深圳,https://p0.meituan.net/tdchoteldark/7b04e1010f3e7dcb3481114c23c8661c4216595.jpg%401035w_585h_1e_1c_1l_80q%7Cwatermark%3D0
78,熊本熊青年旅舍(深圳南山高新园地铁站店),酒店,深圳,https://p1.meituan.net/tdchoteldark/cb68165165e2ecc43c8ff25c82e7dcff267987.jpg%401035w_585h_1e_1c_1l_80q%7Cwatermark%3D0
79,世纪假日广场民宿(世界之窗店),酒店,深圳,https://img.meituan.net/phoenix/8a4a40bf9b51721137d9e1c5b4034161395424.jpg%401035w_585h_1e_1c_1l_80q%7Cwatermark%3D0
80,深圳一道喜公寓,酒店,深圳,http://p0.meituan.net/tdchotel/a3acdd060db4cd6de993b08feaac9bdb254030.jpg%40340w_255h_1e_1c_1l%7Cwatermark%3D0
81,微波山公园,景点/周边游,深圳,http://p0.meituan.net/poipicadd/1cc0089c32fb37ff1ca97f808f0741fb403581.jpg%40300w_225h_1e_1c_1l%7Cwatermark%3D1%26%26r%3D1%26p%3D9%26x%3D2%26y%3D2%26relative%3D1%26o%3D20
82,荟芳园商业内街,景点/周边游,深圳,http://p0.meituan.net/poipicadd/a6fe495db87b583b340afc3f11aac187185849.jpg%40300w_225h_1e_1c_1l%7Cwatermark%3D1%26%26r%3D1%26p%3D9%26x%3D2%26y%3D2%26relative%3D1%26o%3D20
83,塘朗山公园,景点/周边游,深圳,https://p0.meituan.net/ugcpic/2594df1f03ed6d222b282bfc425b4477%40300w_225h_1e_1c_1l%7Cwatermark%3D1%26%26r%3D1%26p%3D9%26x%3D2%26y%3D2%26relative%3D1%26o%3D20
84,小南山公园,景点/周边游,深圳,http://p1.meituan.net/hoteltdc/599f041361df703f090e80f7f5ce55571717672.jpg%40300w_225h_1e_1c_1l%7Cwatermark%3D1%26%26r%3D1%26p%3D9%26x%3D2%26y%3D2%26relative%3D1%26o%3D20
85,赛艇广场,景点/周边游,深圳,https://qcloud.dpfile.com/pc/pXAK-8Hf7CrnR5hnaQ13k03wKtwvp_TV0Eozw9vGnq09umVb1JMGHSHLe193sXzld5VyLhA3eh9bnfuMRhvrVlEuLYk00OmSS1IdNpm8K8sG4JN9RIm2mTKcbLtc2o2vfCF2ubeXzk49OsGrXt_KYDCngOyCwZK-s3fqawWswzk.jpg
86,深圳旅游观光巴士服务站,景点/周边游,深圳,http://p0.meituan.net/tdctraveldark/a9bf496840219cb0a7d5d3ccaf43530b313829.jpg%40300w_1e_1l%7Cwatermark%3D0
87,科罗拉多峡谷漂流,景点/周边游,深圳,http://p0.meituan.net/hotel/58114b8f3a9ba9b01c6e8c98a439011a468015.png%40300w_225h_1e_1c_1l%7Cwatermark%3D1%26%26r%3D1%26p%3D9%26x%3D2%26y%3D2%26relative%3D1%26o%3D20
88,大沙河生态长廊儿童乐园,景点/周边游,深圳,https://p0.meituan.net/ugcpic/38a2324e1fd3d76cc28be82c9d3c5383%40300w_225h_1e_1c_1l%7Cwatermark%3D1%26%26r%3D1%26p%3D9%26x%3D2%26y%3D2%26relative%3D1%26o%3D20
89,文天祥纪念公园,景点/周边游,深圳,http://p1.meituan.net/hoteltdc/f5eaa98e2fe4a62ecdd0ae4b37a829571074920.jpg%40300w_1e_1l%7Cwatermark%3D0
90,深圳湾星盛游艇出海俱乐部,景点/周边游,深圳,https://p0.meituan.net/tdctraveldark/ad97a6e16c95fc82b7c374c846b314ef212248.jpg%401035w_585h_1e_1c_1l_80q%7Cwatermark%3D0
91,荔枝园,景点/周边游,深圳,http://p0.meituan.net/poipicadd/9798fca05f34a3e9473cc81733d0fe90363668.jpg%40300w_225h_1e_1c_1l%7Cwatermark%3D1%26%26r%3D1%26p%3D9%26x%3D2%26y%3D2%26relative%3D1%26o%3D20
92,灯塔纪念台地,景点/周边游,深圳,http://p0.meituan.net/hoteltdc/f8e747ba73737bc3429b8d6de5fae154196425.jpg%40340w_255h_1e_1c_1l%7Cwatermark%3D0
93,非洲猴园,景点/周边游,深圳,https://qcloud.dpfile.com/pc/RpbKiQ5T3c33vbttMYAfYe6o4a4xL1RnZRk4aWqDk0Df8V4tJl5zXTJogRFQfddEd5VyLhA3eh9bnfuMRhvrVlEuLYk00OmSS1IdNpm8K8sG4JN9RIm2mTKcbLtc2o2vfCF2ubeXzk49OsGrXt_KYDCngOyCwZK-s3fqawWswzk.jpg
94,南门一坊美食观光夜市,景点/周边游,深圳,http://p0.meituan.net/poipicadd/ae4cbd255b7d8328f2b5a9b22842eeaf1274614.jpg%40340w_255h_1e_1c_1l%7Cwatermark%3D0
95,ANIF动漫创意同人展,景点/周边游,深圳,http://p0.meituan.net/hotel/a2db3e60d90ca781cc52a963a27a9132796678.png%40300w_225h_1e_1c_1l%7Cwatermark%3D1%26%26r%3D1%26p%3D9%26x%3D2%26y%3D2%26relative%3D1%26o%3D20
96,中山公园,景点/周边游,深圳,http://p0.meituan.net/travel/b704298c62aaaa624f431a867dba19e081401.jpg%40300w_225h_1e_1c_1l%7Cwatermark%3D1%26%26r%3D1%26p%3D9%26x%3D2%26y%3D2%26relative%3D1%26o%3D20
97,西丽生态公园,景点/周边游,深圳,https://p0.meituan.net/ugcpic/d9f1533480389092a189b8e61f39ebd2%40300w_225h_1e_1c_1l%7Cwatermark%3D1%26%26r%3D1%26p%3D9%26x%3D2%26y%3D2%26relative%3D1%26o%3D20
98,揽波轩,景点/周边游,深圳,http://qcloud.dpfile.com/pc/1qXTNZ46i91OUybPidBYuog5F_XvuDl1X7q1ukFT7HEE6GwR889-eGUMyMSWxJjibKcq9vnEaGy3xLEf-_v_oA.jpg
99,南头古城-信国公文氏祠,景点/周边游,深圳,http://p1.meituan.net/hotel/88a0520a7ba4602c3e1b2f2012b8a0e2748537.png%40300w_225h_1e_1c_1l%7Cwatermark%3D1%26%26r%3D1%26p%3D9%26x%3D2%26y%3D2%26relative%3D1%26o%3D20
100,深圳湾公园C区-运动公园,景点/周边游,深圳,http://p1.meituan.net/poipicadd/ad39b850a7ae1946f48e99e9d3d047b51097165.jpg%40300w_225h_1e_1c_1l%7Cwatermark%3D1%26%26r%3D1%26p%3D9%26x%3D2%26y%3D2%26relative%3D1%26o%3D20
101,蛇口海洋科普馆,景点/周边游,深圳,http://p1.meituan.net/hoteltdc/4271298ee3b5425d50480ab068c805b9367204.jpg%40300w_225h_1e_1c_1l%7Cwatermark%3D1%26%26r%3D1%26p%3D9%26x%3D2%26y%3D2%26relative%3D1%26o%3D20
102,南头古城博物馆,景点/周边游,深圳,http://p1.meituan.net/travel/379e9b96bbd464295766a4ff5569e79316958.jpg%40300w_225h_1e_1c_1l%7Cwatermark%3D1%26%26r%3D1%26p%3D9%26x%3D2%26y%3D2%26relative%3D1%26o%3D20
103,后海民心社区公园,景点/周边游,深圳,http://p0.meituan.net/poipicadd/6d04de59b3fc0402cbdb927962ff7e46400732.jpg%40300w_225h_1e_1c_1l%7Cwatermark%3D1%26%26r%3D1%26p%3D9%26x%3D2%26y%3D2%26relative%3D1%26o%3D20
104,招商蛇口邮轮母港,景点/周边游,深圳,https://qcloud.dpfile.com/pc/M_DTJ5PQ6q4iFQ0vN_IHqCCOm3FkEO0lhZv3dfgYE7sW2o0Pn5aTguX_PQEudt5rd5VyLhA3eh9bnfuMRhvrVlEuLYk00OmSS1IdNpm8K8sG4JN9RIm2mTKcbLtc2o2vfCF2ubeXzk49OsGrXt_KYDCngOyCwZK-s3fqawWswzk.jpg
105,陈郁同志故居,景点/周边游,深圳,http://p1.meituan.net/hotel/0f075e1580c62b4e36851135fb08b3c0302875.png%40300w_225h_1e_1c_1l%7Cwatermark%3D1%26%26r%3D1%26p%3D9%26x%3D2%26y%3D2%26relative%3D1%26o%3D20
106,南山渔农民俗文化园,景点/周边游,深圳,http://p0.meituan.net/shaitu/181c7199fdb531b6a61d205ce37d857a148620.jpg%40300w_225h_1e_1c_1l%7Cwatermark%3D1%26%26r%3D1%26p%3D9%26x%3D2%26y%3D2%26relative%3D1%26o%3D20
107,深圳湾公园-白鹭坡,景点/周边游,深圳,http://p1.meituan.net/searchscenerec/268fcf0cf9da6ee9de81082cd414d859167595.png%40340w_255h_1e_1c_1l%7Cwatermark%3D0
108,海堤公园,景点/周边游,深圳,https://qcloud.dpfile.com/pc/gxcrpToxj0_4zWUXISP0P_oQX9nNnXESL3X1LxVlESVo0GEYBZLHFvv4FAg44xBQd5VyLhA3eh9bnfuMRhvrVlEuLYk00OmSS1IdNpm8K8sG4JN9RIm2mTKcbLtc2o2vfCF2ubeXzk49OsGrXt_KYDCngOyCwZK-s3fqawWswzk.jpg
109,五指山天涯海角,景点/周边游,深圳,http://p1.meituan.net/searchscenerec/feae322dfa076b5b6e98d9e332bd458b251224.png%40340w_255h_1e_1c_1l%7Cwatermark%3D0
110,非洲区-非洲民居,景点/周边游,深圳,http://p0.meituan.net/travel/c343fbf3204611358cf9101b4949830c53144.jpg%40340w_255h_1e_1c_1l%7Cwatermark%3D0
